Type,Name,Request Count,Failure Count,Median Response Time,Average Response Time,Min Response Time,Max Response Time,Average Content Size,Requests/s,Failures/s,50%,80%,90%,95%,98%,99%,99.5%,99.9%,100%
GET,/api/v1/foodservice/foods/2024-01-31/Shang%20Hai/Su%20Zhou/D1345,324,0,16,17.079184344900703,13.541698921471834,127.10146186873317,826.0,5.779911022456944,0.0,16,17,19,22,27,33,38,130,130
GET,/api/v1/stationservice/stations,9,0,6,6.54107259793414,3.7504280917346478,15.526788774877787,705.0,0.16055308395713733,0.0,6,6,16,16,16,16,16,16,16
GET,/api/v1/trainservice/trains,9,0,20,17.742398660629988,10.91547217220068,23.636322002857924,567.0,0.16055308395713733,0.0,20,21,24,24,24,24,24,24,24
POST,/api/v1/travelplanservice/travelPlan/cheapest,324,0,170.0,175.29234668688366,152.07033790647984,324.31049179285765,417.0,5.779911022456944,0.0,170,180,190,200,240,270,290,320,320
,Aggregated,666,0,24,93.9143052486865,3.7504280917346478,324.31049179285765,621.8918918918919,11.880928212828163,0.0,24,170,180,190,200,240,270,320,320
