Type,Name,Request Count,Failure Count,Median Response Time,Average Response Time,Min Response Time,Max Response Time,Average Content Size,Requests/s,Failures/s,50%,80%,90%,95%,98%,99%,99.5%,99.9%,100%
GET,/api/v1/foodservice/foods/2024-01-23/Shang%20Hai/Su%20Zhou/D1345,8739,73,17,22.332662171131634,2.1141706965863705,1187.8232839517295,820.4116031582561,36.96460003874675,0.30877855622250977,17,20,27,37,72,130,140,740,1200
GET,/api/v1/stationservice/stations,100,0,5,14.75484708789736,3.9263288490474224,580.2444266155362,705.0,0.4229843235924791,0.0,5,7,14,28,170,580,580,580,580
GET,/api/v1/trainservice/trains,100,0,7,20.379106989130378,4.868887830525637,513.2026169449091,567.0,0.4229843235924791,0.0,7,18,24,33,370,510,510,510,510
POST,/api/v1/travelplanservice/travelPlan/cheapest,8742,0,220.0,279.57642957818734,175.05448497831821,5203.4169510006905,417.0,36.97728956845452,0.0,220,310,410,570,750,880,1200,2500,5200
,Aggregated,17681,73,130.0,149.4675458115342,2.1141706965863705,5203.4169510006905,618.8672020813302,74.78785825438624,0.30877855622250977,130,240,310,410,620,750,880,1700,5200
