Type,Name,Request Count,Failure Count,Median Response Time,Average Response Time,Min Response Time,Max Response Time,Average Content Size,Requests/s,Failures/s,50%,80%,90%,95%,98%,99%,99.5%,99.9%,100%
GET,/api/v1/foodservice/foods/2024-03-07/Shang%20Hai/Su%20Zhou/D1345,12006,0,22,38.53065403027535,16.356775537133217,1955.5383948609233,826.0,68.12313212166485,0.0,22,29,41,64,130,520,820,2000,2000
GET,/api/v1/stationservice/stations,100,0,62,309.93641153909266,12.608276680111885,836.4021182060242,705.0,0.567409063148966,0.0,92,780,780,780,840,840,840,840,840
GET,/api/v1/trainservice/trains,100,0,21,97.6549425534904,11.160952039062977,655.0837606191635,567.0,0.567409063148966,0.0,21,130,380,570,640,660,660,660,660
POST,/api/v1/travelplanservice/travelPlan/cheapest,12010,0,250.0,531.150665427469,186.73193082213402,20807.83119238913,417.0,68.14582848419082,0.0,250,380,570,980,3400,4900,17000,20000,21000
,Aggregated,24216,0,190.0,284.21199452761175,11.160952039062977,20807.83119238913,621.5859762140733,137.4037787321536,0.0,190,280,410,610,1200,3100,4900,20000,21000
