Type,Name,Request Count,Failure Count,Median Response Time,Average Response Time,Min Response Time,Max Response Time,Average Content Size,Requests/s,Failures/s,50%,80%,90%,95%,98%,99%,99.5%,99.9%,100%
GET,/api/v1/foodservice/foods/2024-02-07/Shang%20Hai/Su%20Zhou/D1345,176152,0,21,29.04670321833207,14.695025980472565,21660.97815707326,826.0,117.6744506998463,0.0,21,27,44,67,87,110,150,330,22000
GET,/api/v1/stationservice/stations,1122,0,5,30.81593987799238,3.4915469586849213,716.7607150040567,705.0,0.7495273041760954,0.0,5,18,42,67,500,590,630,690,720
GET,/api/v1/trainservice/trains,1122,0,7,19.31733000606843,4.513978958129883,551.4532122761011,567.0,0.7495273041760954,0.0,7,9,14,26,300,450,500,530,550
POST,/api/v1/travelplanservice/travelPlan/cheapest,176174,0,210.0,294.3927015411728,167.73175913840532,20257.285420317203,417.0,117.68914731365368,0.0,210,300,480,690,940,1200,1500,4200,20000
,Aggregated,354570,0,140.0,160.86308541455873,3.4915469586849213,21660.97815707326,621.5790788842824,236.8626526218522,0.0,140,220,300,480,750,940,1200,2700,22000
